Strada Cecchini 584, Piano 6, 69065, Egger calabro, Rovigo, Italy
Rotonda Fiore 65, Appartamento 28, 26520, Borgo Pamela, Firenze, Italy
Via Deodato 766, Appartamento 07, 81531, Borgo Euridice, Viterbo, Italy
Piazza Lorena 416, Appartamento 86, 54863, Urbano nell'emilia, Bolzano, Italy
Strada Davino 522, Appartamento 86, 29353, Sesto Giuseppe, L'Aquila, Italy
Borgo Randazzo 87, Piano 2, 11613, Quarto Elide, Avellino, Italy
Rotonda Alaimo 9, Piano 5, 20421, Grandi calabro, Crotone, Italy
Incrocio Apollonia 9, Appartamento 03, 50725, Quarto Massima ligure, Cremona, Italy
Rotonda Tarso 515, Appartamento 62, 74012, Protasio sardo, Prato, Italy
Borgo Graziella 369, Appartamento 64, 13665, Sesto Nuccia salentino, Forlì-Cesena, Italy
Rotonda Ligorio 37, Appartamento 06, 76415, D'Andrea laziale, Siena, Italy
Contrada Rosset 41, Piano 7, 47021, San Salomone, Trapani, Italy
Strada Rizzi 1, Piano 0, 96702, Rallo veneto, Isernia, Italy
Strada Galati 566, Appartamento 90, 43642, Quarto Eberardo, Benevento, Italy
Strada Bambina 15, Appartamento 76, 48865, San Esmeralda, Aosta, Italy
Rotonda Paciano 10, Appartamento 78, 34248, Pellegrini umbro, Perugia, Italy
Borgo Elvira 599, Piano 0,38971, Ismaele sardo, Pordenone, Italy
Piazza Carnovale 6, Appartamento 87, 63957, Salustio ligure, Monza e della Brianza, Italy
Piazza Isaia 7, Appartamento 47, 38760, Quarto Fabiana calabro, Crotone, Italy
Contrada Nicoletti 7, Appartamento 53, 52261, Borgo Onesta calabro, Siracusa, Italy
Grillenweg 97, 7 OG, 00243, Süd Jamieburg, Saarland, Germany
Rolandstr. 9, 1 OG, 67422, Nord Violascheid, Rheinland-Pfalz, Germany
An der Fettehenne 18c, Zimmer 784, 27558, Neu Majascheid, Bremen, Germany
Alfred-Delp-Str. 69, 6 OG, 41564, Magdalenadorf, Mecklenburg-Vorpommern, Germany
Pommernstr. 89, 0 OG, 72643, Neu Giuseppeland, Thüringen, Germany
Mozartstr. 7, 5 OG, 16620, Alt Lucieburg, Brandenburg, Germany
Auf'm Kamp 21a, Zimmer 821, 14853, Meslohdorf, Brandenburg, Germany
Gustav-Heinemann-Str. 92, Apt. 539, 89775, Kenanstadt, Nordrhein-Westfalen, Germany
Auf dem End 48b, Zimmer 235, 11209, Youssefburg, Niedersachsen, Germany
Nietzschestr. 47c, Zimmer 141, 66712, Neledorf, Hamburg, Germany
Am Telegraf 99b, Zimmer 957, 67989, Ost Deanstadt, Hamburg, Germany
Am Sportplatz 14b, 0 OG, 46543, Alt Eddyscheid, Saarland, Germany
Von-Eichendorff-Str. 1, 4 OG, 14389, Süd Vinland, Mecklenburg-Vorpommern, Germany
Treptower Str. 0, 3 OG, 15904, West Rosadorf, Nordrhein-Westfalen, Germany
Dürscheider Weg 54a, Zimmer 493, 57007, Mielkedorf, Mecklenburg-Vorpommern, Germany
Pommernstr. 21a, 1 OG, 37657, Neu Jetteland, Niedersachsen, Germany
Eschenallee 81, Apt. 212, 66878, Spiegelburgland, Bremen, Germany
Adalbertstr. 83c, Apt. 876, 39987, West Ahmetdorf, Nordrhein-Westfalen, Germany
Henry-T.-v.-Böttinger-Str. 88, Zimmer 030, 85335, Süd Chiara, Rheinland-Pfalz, Germany
Lützenkirchener Str. 05, Apt. 584, 56143, Nord Emreburg, Bayern, Germany
Irisstraat 512, 1 hoog, 5576 SX, Megelsum, Limburg, Netherlands
Stijnrijk 40, 2 hoog, 5686 TG, Rolaf, Groningen, Netherlands
Dekkerstraat 065, 3 hoog achter, 0626 HI, Anholtburen, Zeeland, Netherlands
Julianmarkt 79, 3 hoog achter, 8796 ZQ, Santfort, Groningen, Netherlands
Jansenplantsoen 33, 1 hoog, 7794 NR, Huurnebrug, Noord-Brabant, Netherlands
Lottepark 5, 2 hoog, 5208 HX, Otterlo, Gelderland, Netherlands
Bramkade 9, 1 hoog, 6660 OF, Renkum, Drenthe, Netherlands
Ambervelt 75, 3 hoog achter, 7302 QW, Arendnest, Utrecht, Netherlands
Mikerijk 69, 3 hoog, 4984 HU, Pesaken, Gelderland, Netherlands
Walpark 170 III, 1 hoog, 7196 TV, Oosterhof, Overijssel, Netherlands
Willemsplein 728 I, 2 hoog, 8001 ZO, Muizenhol, Zuid-Holland, Netherlands
Thijsweg 849 III, 1 hoog, 5310 DG, Andelberg, Noord-Holland, Netherlands
Stijnpark 252, 3 hoog, 4654 WR, Zeegat, Limburg, Netherlands
Leeuwenplein 98, 2 hoog, 7899 HV, Keegenswaerd, Utrecht, Netherlands
Svenweg 312 II, 1 hoog, 4904 CK, Bakkelaar, Zuid-Holland, Netherlands
Liekeplantsoen 683 I, 3 hoog achter, 8842 QC, Hommertenmaes, Noord-Brabant, Netherlands
Maudsloot 482c, 3 hoog, 0201 BB, Fiemel, Limburg, Netherlands
Juliahof 9, 3 hoog, 9187 HC, Lintvelderecht, Overijssel, Netherlands
Schoutenweg 597, 3 hoog, 6835 CN, Nieuwhout, Gelderland, Netherlands
Basgracht 927 II, 1 hoog, 8502 PS, Opmeeden, Noord-Holland, Netherlands
33 Nguyen Court, Suite 921, 0634, Charliborough, Tasmania, Australia
382 Griffiths Boulevard, Apt. 642, 9828, Thomasmouth, Northern Territory, Australia
64 Amber Pass, Apt. 144, 3771, West Angusview, Victoria, Australia
04 Amelia Terrace, Apt. 569, 3114, Lake Kai, New South Wales, Australia
05 Claudia Loop, Apt. 104, 7580, Port Heidibury, South Australia, Australia
321 Audrey Lane, Suite 935, 2451, New Heidi, Queensland, Australia
37 Heller Street, Apt. 642, 7244, Eveport, Tasmania, Australia
49 Kemmer Station St, Suite 665, 3118, West Isaacland, Tasmania, Australia
0122 Poppy View Rd, Apt. 956, 9159, Hillsside, Tasmania, Australia
571 Jake Trail, Suite 873, 7157, Gutmannhaven, Tasmania, Australia
701 Koelpin Parade, Suite 072, 2529, Violetbury, Tasmania, Australia
634 Walsh Mall, Suite 845, 0874, Leeview, Northern Territory, Australia
819 Matilda Circuit, Suite 002, 2961, Jacobport, Australian Capital Territory, Australia
0485 Kai Ridge, Suite 175, 4185, South Emilyton, Australian Capital Territory, Australia
0821 Amber Trail, Apt. 029, 3663, Piperhaven, Victoria, Australia
0612 Cody Track, Apt. 798, 3382, West Holly, New South Wales, Australia
90 Connor Crescent, Apt. 039, 7636, Starktown, New South Wales, Australia
5365 Olivia Parade, Suite 754, 5518, Clarkbury, South Australia, Australia
0308 Anthony Court, Apt. 015, 5612, East Maya, Queensland, Australia
04 Hannah Way, Apt. 931, 6428, Kossburgh, Australian Capital Territory, Australia
Laurapark 136, 3e verdieping, 7169, Boekhoutetem, Oost-Vlaanderen, Belgium
Jacobsdreef 550, 2e verdieping, 2296, Zeveneken, Oost-Vlaanderen, Belgium
Jasperlaan 64, 2e verdieping, 0488, Eksel, Antwerpen, Belgium
Nandlaan 940b, 3e verdieping, 9275, Meerbeek, West-Vlaanderen, Belgium
Monalaan 730, 3e verdieping, 7493, Sint-Martens-Lierde, Vlaams-Brabant, Belgium
Decosterweg 512a, 2e verdieping, 9875, Otegemtem, Limburg, Belgium
Livlaan 947a, 1e verdieping, 8625, Mullemgem, Brussel, Belgium
Gielenweg 008b, 2e verdieping, 0062, Houtvennevijve, West-Vlaanderen, Belgium
Verstraetestraat 443c, 1e verdieping, 8464, Rekkem, Brussel, Belgium
Nanddreef 12, 3e verdieping, 5142, Velzeke-Ruddershovegem, Vlaams-Brabant, Belgium
Iliasstraat 07, 1e verdieping, 4605, Viane, West-Vlaanderen, Belgium
Peetersstraat 831a, 2e verdieping, 0650, Elversele, Vlaams-Brabant, Belgium
Bentweg 5, 2e verdieping, 4038, Willebringen, Limburg, Belgium
Lilyplein 242b, 2e verdieping, 1421, Oordegemgem, Vlaams-Brabant, Belgium
Nielslaan 87, 3e verdieping, 7535, Sint-Andries, Oost-Vlaanderen, Belgium
Jasperlaan 759, 3e verdieping, 4868, Opdorpvijve, Antwerpen, Belgium
Vandenbergheweg 6, 1e verdieping, 1499, Kieldrecht, Limburg, Belgium
Leonieplein 812b, 1e verdieping, 7454, Deinze, West-Vlaanderen, Belgium
Rubenlaan 720c, 1e verdieping, 8293, Sint-Ulriks-Kapelletem, West-Vlaanderen, Belgium
Michielsstraat 727, 2e verdieping, 0743, Kobbegem, Oost-Vlaanderen, Belgium
269 Langworth Meadows, Apt. 021, V1N 4J8, West Napoleonbury, Saskatchewan, Canada
12863 Kennith Junction, Suite 693, V4O 1V2, North Gregoria, British Columbia, Canada
309 Maggio Viaduct, Apt. 839, T7D 0J5, Rafaelside, Saskatchewan, Canada
85152 Carroll Port, Suite 581, A9I 0C9, Luciochester, Nova Scotia, Canada
98265 Huels Springs, Suite 589, P1I 0E2, Port Norene, Nunavut, Canada
934 Gilda Cliffs, Apt. 852, N5L 6C7, Schroederfurt, Saskatchewan, Canada
20517 Hermann Underpass, Apt. 688, C5P 1W2, Lake Marisol, Alberta, Canada
2441 Zemlak Forge, Suite 661, N3Y 0M0, West Edmondview, Yukon, Canada
1187 Carroll Field, Apt. 516, B7Y 9N6, New Malachi, Prince Edward Island, Canada
3686 Fritsch Ranch, Apt. 357, C9G 8A9, South Euna, Newfoundland and Labrador, Canada
94194 Alena Mission, Suite 526, C0L 8C5, South Omer, British Columbia, Canada
44927 Elsa Square, Suite 162, R9F 1X3, Lebsackview, Prince Edward Island, Canada
06370 Upton Mount, Suite 201, Y9J 1C3, Cronamouth, Yukon, Canada
005 Baumbach Glens, Suite 353, G1U 2P1, West Wavafurt, Northwest Territories, Canada
982 Botsford Village, Apt. 468, G1E 9H2, Willmschester, Alberta, Canada
699 Alayna Cliff, Suite 915, K6E 0V8, South Desmond, Ontario, Canada
304 Kertzmann Mission, Apt. 726, N8B 4R7, Port Margeville, Manitoba, Canada
3993 Julie Island, Suite 060, K2F 6H3, New Addiemouth, Saskatchewan, Canada
87562 Moore Pass, Apt. 824, G5I 6K5, East Romabury, Nova Scotia, Canada
832 Kunde Oval, Suite 002, K4M 3M4, Billyfort, Alberta, Canada
Zellerstraße 9, Zimmer 916, 5922, Mattsee, Wien, Austria
Grub 05, 7 OG, 7383, Oberstorcha, Salzburg, Austria
Steilmannstraße 2, Apt. 917, 2650, Graz, Kärnten, Austria
Privatweg 522, Zimmer 056, 0508, Ratten, Vorarlberg, Austria
Römerweg 16a, Apt. 258, 7897, Sankt Johann im Saggautal, Tirol, Austria
Paul Peters-Gasse 87, 6 OG, 8359, Dürnkrut, Salzburg, Austria
Ottogasse 4, Apt. 180, 7421, Oberwaltersdorf, Steiermark, Austria
Ötzbruck 293, 7 OG, 6430, Ilz, Vorarlberg, Austria
Steilmannstraße 02b, 1 OG, 5384, Neukirchen an der Enknach, Steiermark, Austria
Hernstorferstraße 45a, Apt. 131, 0200, Hochwolkersdorf, Vorarlberg, Austria
Hermann-Löns-Gasse 85c, Zimmer 987, 9608, Unterstinkenbrunn, Burgenland, Austria
Kerpelystraße 64, Zimmer 594, 8788, Oberndorf in Tirol, Burgenland, Austria
Radetzkystraße 40c, 0 OG, 2005, Kottes-Purk, Oberösterreich, Austria
Reiterweg 0, Zimmer 304, 0877, Vitis, Salzburg, Austria
Zebragasse 22a, 0 OG, 1051, Eisenstadt, Oberösterreich, Austria
Klamm 37c, Zimmer 028, 7369, Raiding, Vorarlberg, Austria
Krankenhausstraße 2, 2 OG, 5311, Waldkirchen am Wesen, Salzburg, Austria
Auer-von-Welsbach-Weg 71a, 1 OG, 5643, Dürnkrut, Tirol, Austria
Fischpointweg 1, Zimmer 748, 6957, Taxenbach, Oberösterreich, Austria
Geigergasse 06c, Zimmer 201, 1815, Übersaxen, Steiermark, Austria
5014 Spinka Port, Suite 156, 90400, South Jessie, South Dakota, United States
493 Haley Hill, Suite 347, 71121, Lake Ana, Idaho, United States
902 Armstrong Ways, Apt. 317, 08060-3305, Collierchester, Connecticut, United States
424 Stracke Lane, Apt. 189, 26485-3459, Port Schuylermouth, Georgia, United States
466 Crist Junction, Apt. 254, 26245-8268, South Frances, New York, United States
68742 Nader Corner, Suite 584, 10579-0553, Myronfurt, Kentucky, United States
228 Frank Flat, Suite 062, 26917-2346, West Queenie, Hawaii, United States
8797 Barrows Course, Suite 513, 85919-3757, Port Tiannaport, Nebraska, United States
989 Alvis Cliffs, Suite 882, 95364, South Deondrefort, Missouri, United States
786 Kristy Turnpike, Apt. 703, 16351, Halliefort, Maine, United States
78092 Larue Harbor, Suite 568, 34313-9209, Rexton, Maine, United States
334 Daniel Spurs, Suite 159, 71933, Koelpinburgh, North Dakota, United States
419 Johnston Ferry, Suite 867, 47029, New Sophiebury, Mississippi, United States
177 Lakin Island, Apt. 490, 89607, Cronaberg, Illinois, United States
85815 Mertz Orchard, Apt. 617, 21004, Beatriceville, Montana, United States
828 Molly Plaza, Suite 362, 98048, North Melissaborough, Louisiana, United States
2547 Bradtke Tunnel, Apt. 784, 70866-2949, Lake Tressaton, Arkansas, United States
423 Metz Estates, Suite 118, 74512-5749, Manuelshire, Kentucky, United States
4152 Haley Keys, Suite 488, 20537, Hettingerton, Illinois, United States
302 Pollich Avenue, Apt. 825, 63359, North Chanelle, Massachusetts, United States
02158 Elvera Stream, Apt. 049, 34393-8261, North Aditya, Kentucky, United States
677 Giuseppe Village, Suite 251, 71893, Stoltenberghaven, Kentucky, United States
6535 Chadrick Shoals, Suite 243, 06998-7818, Gwenfort, Illinois, United States
0770 Ciara Ford, Suite 479, 66778-0877, Amariport, Maryland, United States
714 Donnelly Pine, Apt. 001, 17709-6099, South Ernie, Wyoming, United States
7356 Considine Mountains, Apt. 512, 49159, Chelsiestad, Virginia, United States
87415 Joanie Wall, Apt. 220, 16663, Bodeburgh, Rhode Island, United States
58715 Ona Crossing, Suite 933, 94820, South Ilene, Mississippi, United States
05863 Santiago Vista, Apt. 072, 99886-8980, New Ethylshire, Pennsylvania, United States
15669 Koby Green, Apt. 229, 97871, North Westonshire, Kansas, United States
6775 Lurline Orchard, Apt. 274, 63844, East Linnieburgh, Texas, United States
21674 Boyle Points, Apt. 457, 73080-7691, Port Salmashire, Alabama, United States
955 Labadie Heights, Apt. 838, 27253, Sonnyberg, New Mexico, United States
3081 Abshire River, Apt. 326, 74417-0134, Freedaport, Idaho, United States
683 Ceasar Tunnel, Apt. 939, 04627, Lake Lurashire, Wisconsin, United States
204 Farrell Corners, Apt. 628, 87480-8338, Kubton, Tennessee, United States
71423 Seamus Views, Suite 534, 43957, East Charles, Michigan, United States
3215 Nelle Drive, Apt. 407, 22431, South Josue, Massachusetts, United States
673 Dustin Hill, Suite 734, 55313-7660, Johnsonshire, New York, United States
43370 Gleason Park, Apt. 538, 49095, South Margaretbury, Illinois, United States
274 Don Branch, Apt. 309, 06170-5034, North Gianni, New Jersey, United States
67042 Breitenberg Mission, Apt. 442, 51539-0157, Pacochamouth, Mississippi, United States
666 Hackett River, Suite 170, 72371, North Garrison, Alabama, United States
31994 Ian Highway, Apt. 415, 19452-5830, West Garnettmouth, Indiana, United States
7849 Dedric Gateway, Suite 921, 12267-2162, Lake Lennie, Michigan, United States
877 Rempel Radial, Apt. 544, 16072, Gerholdton, Maryland, United States
74732 Pat Gateway, Apt. 386, 07551, Lake Marlee, Louisiana, United States
4989 Ebert Cove, Apt. 584, 87146, Albinville, Michigan, United States
2649 Percy Lodge, Apt. 803, 09547-5281, Marcelluschester, New Mexico, United States
10753 Stracke Road, Apt. 180, 27219, Roseville, Wisconsin, United States
24402 Tanya Walk, Apt. 710, 45769, Haagstad, Virginia, United States
844 Rosalind Crossing, Suite 685, 00144-2904, Kreigerberg, North Dakota, United States
286 Era Causeway, Suite 292, 42980-7753, Brownland, Alabama, United States
19943 Schowalter Inlet, Apt. 286, 10086-4671, North Gagehaven, New Jersey, United States
696 Nicolas Trail, Suite 449, 42637-1000, Buckridgebury, Georgia, United States
1908 Miller Points, Apt. 564, 83373, Doloresborough, Alabama, United States
35038 Dietrich Drive, Apt. 493, 66345, Reubenshire, Wyoming, United States
474 Blanda Stream, Suite 716, 31111-5892, Wymanchester, Iowa, United States
8788 Kovacek Mountain, Apt. 748, 15792-7553, Dickinsonborough, Arizona, United States
400 Wanda Circles, Apt. 889, 65036-3286, Breitenbergport, Virginia, United States